"STATION","DATE","LATITUDE","LONGITUDE","ELEVATION","NAME","TEMP","TEMP_ATTRIBUTES","DEWP","DEWP_ATTRIBUTES","SLP","SLP_ATTRIBUTES","STP","STP_ATTRIBUTES","VISIB","VISIB_ATTRIBUTES","WDSP","WDSP_ATTRIBUTES","MXSPD","GUST","MAX","MAX_ATTRIBUTES","MIN","MIN_ATTRIBUTES","PRCP","PRCP_ATTRIBUTES","SNDP","FRSHTT"
"96987099999","2020-01-01","-8.2166666","114.3833333","5.0","BANYUWANGI, ID","  79.0"," 8","  74.2"," 8","1010.8"," 8","005.6"," 8","  5.0"," 8","  0.8"," 8","  4.1","999.9","  94.6"," ","  75.9","*"," 1.03","C","999.9","010010"
"96987099999","2020-01-02","-8.2166666","114.3833333","5.0","BANYUWANGI, ID","  81.5"," 8","  74.4"," 8","1010.2"," 8","005.3"," 8","  4.7"," 8","  1.9"," 8","  4.1","999.9","  90.0"," ","  75.6"," "," 0.98","B","999.9","010010"
"96987099999","2020-01-03","-8.2166666","114.3833333","5.0","BANYUWANGI, ID","  81.0"," 8","  75.1"," 8","1007.0"," 8","002.1"," 8","  4.5"," 8","  2.4"," 8","  8.0","999.9","  89.6"," ","  75.6"," "," 0.16","A","999.9","010000"
"96987099999","2020-01-04","-8.2166666","114.3833333","5.0","BANYUWANGI, ID","  82.9"," 8","  74.2"," 8","1005.4"," 8","000.5"," 8","  3.7"," 8","  2.6"," 8","  8.0","999.9","  90.9"," ","  75.0"," "," 0.04","C","999.9","010000"
"96987099999","2020-01-05","-8.2166666","114.3833333","5.0","BANYUWANGI, ID","  84.4"," 8","  73.8"," 8","1006.5"," 8","001.7"," 8","  4.7"," 8","  4.5"," 8"," 12.0","999.9","  90.5"," ","  77.4"," "," 0.00","B","999.9","010000"
"96987099999","2020-01-06","-8.2166666","114.3833333","5.0","BANYUWANGI, ID","  82.0"," 8","  74.1"," 8","1007.4"," 8","002.5"," 8","  5.0"," 8","  1.7"," 8","  5.1","999.9","  90.7"," ","  77.0","*"," 0.04","A","999.9","010000"
"96987099999","2020-01-07","-8.2166666","114.3833333","5.0","BANYUWANGI, ID","  83.3"," 8","  74.9"," 8","1006.7"," 8","001.8"," 8","  5.1"," 8","  1.8"," 8","  4.1","999.9","  90.7"," ","  76.3"," "," 0.00","A","999.9","000000"
"96987099999","2020-01-08","-8.2166666","114.3833333","5.0","BANYUWANGI, ID","  82.9"," 8","  73.1"," 8","1006.8"," 8","001.9"," 8","  5.5"," 8","  1.8"," 8","  6.0","999.9","  90.9","*","  76.3","*"," 0.00","I","999.9","000000"
"96987099999","2020-01-09","-8.2166666","114.3833333","5.0","BANYUWANGI, ID","  82.7"," 7","  74.4"," 7","1006.6"," 7","001.6"," 7","  4.4"," 7","  1.6"," 7","  6.0","999.9","  89.6"," ","  76.8","*"," 0.16","A","999.9","000000"
"96987099999","2020-01-10","-8.2166666","114.3833333","5.0","BANYUWANGI, ID","  83.9"," 8","  73.0"," 8","1006.8"," 8","002.0"," 8","  5.4"," 8","  2.0"," 8","  8.0","999.9","  90.7","*","  75.2"," "," 0.00","I","999.9","000000"
"96987099999","2020-01-11","-8.2166666","114.3833333","5.0","BANYUWANGI, ID","  83.5"," 8","  73.0"," 8","1006.7"," 8","001.9"," 8","  4.5"," 8","  4.1"," 8","  6.0","999.9","  90.3"," ","  75.2"," "," 0.12","A","999.9","010010"
"96987099999","2020-01-12","-8.2166666","114.3833333","5.0","BANYUWANGI, ID","  85.7"," 8","  71.0"," 8","1005.3"," 8","000.4"," 8","  5.0"," 8","  4.3"," 8"," 12.0","999.9","  94.8"," ","  77.7"," "," 0.00","I","999.9","000000"
"96987099999","2020-01-13","-8.2166666","114.3833333","5.0","BANYUWANGI, ID","  85.8"," 7","  73.2"," 7","1005.7"," 7","000.8"," 7","  5.1"," 7","  2.6"," 7","  8.9","999.9","  94.8"," ","  78.4"," "," 0.00","I","999.9","000010"
"96987099999","2020-01-14","-8.2166666","114.3833333","5.0","BANYUWANGI, ID","  85.8"," 8","  73.4"," 8","1007.7"," 8","002.8"," 8","  5.4"," 8","  1.4"," 8","  4.1","999.9","  94.5"," ","  78.1"," "," 0.00","I","999.9","000000"
"96987099999","2020-01-15","-8.2166666","114.3833333","5.0","BANYUWANGI, ID","  84.4"," 8","  73.4"," 8","1009.4"," 8","004.6"," 8","  5.2"," 8","  2.9"," 8","  6.0","999.9","  92.8"," ","  77.4","*"," 0.16","A","999.9","010010"
"96987099999","2020-01-16","-8.2166666","114.3833333","5.0","BANYUWANGI, ID","  84.0"," 8","  73.1"," 8","1009.5"," 8","004.6"," 8","  5.8"," 8","  3.6"," 8","  9.9","999.9","  91.8"," ","  76.6"," "," 0.00","I","999.9","000000"
"96987099999","2020-01-17","-8.2166666","114.3833333","5.0","BANYUWANGI, ID","  84.1"," 8","  72.7"," 8","1009.5"," 8","004.5"," 8","  5.6"," 8","  4.1"," 8","  8.0","999.9","  91.4"," ","  77.0"," "," 0.00","I","999.9","000000"
"96987099999","2020-01-18","-8.2166666","114.3833333","5.0","BANYUWANGI, ID","  84.5"," 8","  72.9"," 8","1009.3"," 8","004.4"," 8","  4.8"," 8","  3.4"," 8","  8.0","999.9","  92.1"," ","  75.6"," "," 0.00","I","999.9","000010"
"96987099999","2020-01-19","-8.2166666","114.3833333","5.0","BANYUWANGI, ID","  81.7"," 8","  74.0"," 8","1009.6"," 8","004.8"," 8","  4.6"," 8","  2.1"," 8","  4.1","999.9","  90.3"," ","  75.2","*"," 0.83","A","999.9","010010"
"96987099999","2020-01-20","-8.2166666","114.3833333","5.0","BANYUWANGI, ID","  83.2"," 8","  74.9"," 8","1010.2"," 8","005.3"," 8","  5.0"," 8","  0.8"," 8","  4.1","999.9","  91.0"," ","  73.8"," "," 0.31","A","999.9","010000"
"96987099999","2020-01-21","-8.2166666","114.3833333","5.0","BANYUWANGI, ID","  82.3"," 8","  76.5"," 8","1011.1"," 8","006.2"," 8","  4.7"," 8","  2.9"," 8","  8.0","999.9","  89.4","*","  75.6"," "," 0.30","B","999.9","010010"
"96987099999","2020-01-22","-8.2166666","114.3833333","5.0","BANYUWANGI, ID","  84.4"," 8","  74.8"," 8","1010.4"," 8","005.5"," 8","  5.1"," 8","  1.7"," 8","  5.1","999.9","  92.1"," ","  77.4"," "," 0.00","I","999.9","000000"
"96987099999","2020-01-23","-8.2166666","114.3833333","5.0","BANYUWANGI, ID","  84.6"," 8","  74.1"," 8","1009.0"," 8","004.2"," 8","  5.0"," 8","  1.4"," 8","  4.1","999.9","  93.2"," ","  78.1"," "," 0.00","I","999.9","000000"
"96987099999","2020-01-24","-8.2166666","114.3833333","5.0","BANYUWANGI, ID","  84.6"," 8","  73.2"," 8","1009.5"," 8","004.6"," 8","  5.4"," 8","  3.6"," 8"," 11.1","999.9","  92.7"," ","  77.7","*"," 0.00","I","999.9","000000"
"96987099999","2020-01-25","-8.2166666","114.3833333","5.0","BANYUWANGI, ID","  85.0"," 8","  73.9"," 8","1009.0"," 8","004.2"," 8","  5.6"," 8","  2.3"," 8","  6.0","999.9","  93.2"," ","  76.6"," "," 0.00","I","999.9","000000"
"96987099999","2020-01-26","-8.2166666","114.3833333","5.0","BANYUWANGI, ID","  85.1"," 8","  74.4"," 8","1008.3"," 8","003.5"," 8","  5.8"," 8","  2.2"," 8","  6.0","999.9","  93.2"," ","  78.1","*"," 0.00","I","999.9","000000"
"96987099999","2020-01-27","-8.2166666","114.3833333","5.0","BANYUWANGI, ID","  85.6"," 8","  74.5"," 8","1008.6"," 8","003.8"," 8","  5.2"," 8","  4.0"," 8"," 15.9","999.9","  92.1"," ","  77.5"," "," 0.00","I","999.9","000000"
"96987099999","2020-01-28","-8.2166666","114.3833333","5.0","BANYUWANGI, ID","  84.3"," 8","  74.9"," 8","1008.8"," 8","003.9"," 8","  4.8"," 8","  1.6"," 8","  5.1","999.9","  92.8"," ","  79.2","*"," 0.03","B","999.9","010010"
"96987099999","2020-01-29","-8.2166666","114.3833333","5.0","BANYUWANGI, ID","  85.1"," 8","  74.6"," 8","1008.3"," 8","003.4"," 8","  5.2"," 8","  4.1"," 8"," 12.0","999.9","  93.2","*","  78.8"," "," 0.00","I","999.9","000010"
"96987099999","2020-01-30","-8.2166666","114.3833333","5.0","BANYUWANGI, ID","  79.6"," 8","  73.9"," 8","1008.4"," 8","003.4"," 8","  4.6"," 8","  3.4"," 8","  8.0","999.9","  89.6"," ","  75.2","*"," 1.18","D","999.9","010010"
"96987099999","2020-01-31","-8.2166666","114.3833333","5.0","BANYUWANGI, ID","  84.2"," 8","  73.7"," 8","1008.9"," 8","004.0"," 8","  4.9"," 8","  1.8"," 8","  4.1","999.9","  92.5"," ","  76.3"," "," 0.00","A","999.9","000010"
"96987099999","2020-02-01","-8.2166666","114.3833333","5.0","BANYUWANGI, ID","  81.7"," 8","  74.6"," 8","1009.5"," 8","004.6"," 8","  5.0"," 8","  2.1"," 8","  6.0","999.9","  91.8"," ","  77.0"," "," 0.55","A","999.9","010010"
"96987099999","2020-02-02","-8.2166666","114.3833333","5.0","BANYUWANGI, ID","  81.7"," 8","  75.9"," 8","1010.1"," 8","005.1"," 8","  5.3"," 8","  1.9"," 8","  5.1","999.9","  91.9"," ","  77.0"," "," 0.47","A","999.9","010000"
"96987099999","2020-02-03","-8.2166666","114.3833333","5.0","BANYUWANGI, ID","  84.7"," 8","  76.0"," 8","1009.7"," 8","004.9"," 8","  5.4"," 8","  3.1"," 8","  4.1","999.9","  90.7"," ","  75.6"," "," 0.39","A","999.9","010000"
"96987099999","2020-02-04","-8.2166666","114.3833333","5.0","BANYUWANGI, ID","  84.8"," 7","  74.0"," 7","1008.5"," 7","003.6"," 7","  5.1"," 7","  1.7"," 7","  6.0","999.9","  90.9"," ","  78.1"," "," 0.00","I","999.9","000000"
"96987099999","2020-02-05","-8.2166666","114.3833333","5.0","BANYUWANGI, ID","  83.8"," 8","  73.0"," 8","1007.8"," 8","002.9"," 8","  5.7"," 8","  2.2"," 8","  4.1","999.9","  91.9"," ","  75.6"," "," 0.00","I","999.9","000000"
"96987099999","2020-02-06","-8.2166666","114.3833333","5.0","BANYUWANGI, ID","  83.4"," 8","  74.6"," 8","1007.5"," 8","002.6"," 8","  5.0"," 8","  1.6"," 8","  8.0","999.9","  93.6"," ","  76.6"," "," 0.24","A","999.9","010010"
"96987099999","2020-02-07","-8.2166666","114.3833333","5.0","BANYUWANGI, ID","  81.8"," 7","  74.8"," 7","1008.8"," 7","003.9"," 7","  4.5"," 7","  1.7"," 7","  6.0","999.9","  91.0"," ","  75.9"," "," 0.44","B","999.9","010010"
"96987099999","2020-02-08","-8.2166666","114.3833333","5.0","BANYUWANGI, ID","  84.2"," 8","  75.9"," 8","1009.1"," 8","004.3"," 8","  5.1"," 8","  2.0"," 8","  4.1","999.9","  91.4"," ","  76.6"," "," 0.00","H","999.9","010010"
"96987099999","2020-02-09","-8.2166666","114.3833333","5.0","BANYUWANGI, ID","  80.2"," 6","  74.7"," 6","1009.8"," 6","004.9"," 6","  4.7"," 6","  2.5"," 6","  8.9","999.9","  83.1"," ","  77.4"," "," 0.24","A","999.9","010000"
"96987099999","2020-02-10","-8.2166666","114.3833333","5.0","BANYUWANGI, ID","  81.7"," 7","  74.7"," 7","1009.5"," 7","004.7"," 7","  5.1"," 7","  1.7"," 7","  8.0","999.9","  90.3"," ","  75.9","*"," 0.31","A","999.9","010010"
"96987099999","2020-02-11","-8.2166666","114.3833333","5.0","BANYUWANGI, ID","  83.0"," 8","  75.1"," 8","1010.8"," 8","005.9"," 8","  5.1"," 8","  1.6"," 8","  6.0","999.9","  89.6"," ","  75.2"," "," 0.00","I","999.9","000000"
"96987099999","2020-02-12","-8.2166666","114.3833333","5.0","BANYUWANGI, ID","  84.3"," 8","  76.1"," 8","1010.9"," 8","006.0"," 8","  5.1"," 8","  5.1"," 8"," 12.0","999.9","  90.7"," ","  77.0"," "," 0.00","I","999.9","000000"
"96987099999","2020-02-13","-8.2166666","114.3833333","5.0","BANYUWANGI, ID","  83.0"," 8","  75.5"," 8","1009.8"," 8","004.9"," 8","  5.3"," 8","  4.3"," 8","  9.9","999.9","  91.8"," ","  77.0"," "," 0.20","A","999.9","000010"
"96987099999","2020-02-14","-8.2166666","114.3833333","5.0","BANYUWANGI, ID","  83.3"," 8","  73.9"," 8","1009.3"," 8","004.4"," 8","  5.1"," 8","  3.2"," 8"," 12.0","999.9","  90.7"," ","  77.0"," "," 0.00","I","999.9","000000"
"96987099999","2020-02-15","-8.2166666","114.3833333","5.0","BANYUWANGI, ID","  82.0"," 8","  74.9"," 8","1009.8"," 8","004.9"," 8","  5.3"," 8","  2.2"," 8"," 12.0","999.9","  91.4"," ","  74.8"," "," 1.30","A","999.9","010010"
"96987099999","2020-02-16","-8.2166666","114.3833333","5.0","BANYUWANGI, ID","  81.9"," 8","  74.5"," 7","1009.8"," 8","004.8"," 8","  4.9"," 8","  3.4"," 8","  6.0","999.9","  89.6"," ","  75.2"," "," 0.00","I","999.9","000010"
"96987099999","2020-02-17","-8.2166666","114.3833333","5.0","BANYUWANGI, ID","  80.8"," 8","  75.8"," 8","1010.2"," 8","005.3"," 8","  4.8"," 8","  0.5"," 8","  4.1","999.9","  86.9"," ","  76.6"," "," 0.24","B","999.9","010010"
"96987099999","2020-02-18","-8.2166666","114.3833333","5.0","BANYUWANGI, ID","  82.5"," 8","  75.5"," 8","1009.2"," 8","004.4"," 8","  5.0"," 8","  1.8"," 8","  6.0","999.9","  91.0"," ","  76.3"," "," 0.00","A","999.9","000010"
"96987099999","2020-02-19","-8.2166666","114.3833333","5.0","BANYUWANGI, ID","  81.6"," 8","  75.6"," 8","1008.3"," 8","003.3"," 8","  5.0"," 8","  2.6"," 8","  6.0","999.9","  88.5","*","  77.2"," "," 0.16","A","999.9","010010"
"96987099999","2020-02-20","-8.2166666","114.3833333","5.0","BANYUWANGI, ID","  82.8"," 7","  74.5"," 7","1008.5"," 7","003.5"," 7","  5.0"," 7","  2.2"," 7","  2.9","999.9","  89.2"," ","  75.0"," "," 0.00","A","999.9","000000"
"96987099999","2020-02-21","-8.2166666","114.3833333","5.0","BANYUWANGI, ID","  81.3"," 8","  74.9"," 8","1010.3"," 8","005.4"," 8","  4.2"," 8","  0.5"," 8","  4.1","999.9","  90.7"," ","  75.9"," "," 1.06","B","999.9","010010"
"96987099999","2020-02-22","-8.2166666","114.3833333","5.0","BANYUWANGI, ID","  79.5"," 8","  75.5"," 8","1010.7"," 8","005.7"," 8","  4.3"," 8","  2.4"," 8","  4.1","999.9","  87.8"," ","  75.9","*"," 2.60","C","999.9","010010"
"96987099999","2020-02-23","-8.2166666","114.3833333","5.0","BANYUWANGI, ID","  82.3"," 8","  74.4"," 8","1008.5"," 8","003.7"," 8","  5.4"," 8","  1.4"," 8","  4.1","999.9","  89.2"," ","  73.8"," "," 0.08","B","999.9","010000"
"96987099999","2020-02-24","-8.2166666","114.3833333","5.0","BANYUWANGI, ID","  83.3"," 8","  74.8"," 8","1008.5"," 8","003.5"," 8","  4.8"," 8","  3.7"," 8"," 12.0","999.9","  90.5"," ","  76.3"," ","99.99"," ","999.9","010000"
"96987099999","2020-02-25","-8.2166666","114.3833333","5.0","BANYUWANGI, ID","  82.1"," 8","  75.5"," 8","1008.1"," 8","003.3"," 8","  5.2"," 8","  2.2"," 8","  6.0","999.9","  92.3"," ","  75.0","*"," 0.04","A","999.9","000010"
"96987099999","2020-02-26","-8.2166666","114.3833333","5.0","BANYUWANGI, ID","  81.6"," 8","  76.3"," 8","1008.2"," 8","003.2"," 8","  4.7"," 8","  0.2"," 8","  1.9","999.9","  89.4"," ","  78.1"," "," 0.35","B","999.9","010000"
"96987099999","2020-02-27","-8.2166666","114.3833333","5.0","BANYUWANGI, ID","  84.3"," 8","  76.4"," 8","1007.6"," 8","002.8"," 8","  5.4"," 8","  2.0"," 8","  8.9","999.9","  90.7"," ","  77.7"," "," 0.00","I","999.9","000010"
"96987099999","2020-02-28","-8.2166666","114.3833333","5.0","BANYUWANGI, ID","  82.8"," 8","  76.2"," 8","1006.4"," 8","001.5"," 8","  4.7"," 8","  3.3"," 8","  9.9","999.9","  91.0"," ","  77.7","*"," 2.24","B","999.9","010010"
"96987099999","2020-02-29","-8.2166666","114.3833333","5.0","BANYUWANGI, ID","  81.2"," 8","  76.1"," 8","1006.5"," 8","001.5"," 8","  4.2"," 8","  1.9"," 8","  4.1","999.9","  92.1"," ","  76.3"," "," 0.28","C","999.9","010010"
"96987099999","2020-03-01","-8.2166666","114.3833333","5.0","BANYUWANGI, ID","  80.4"," 8","  76.1"," 8","1007.7"," 8","002.9"," 8","  4.3"," 8","  3.1"," 8","  5.1","999.9","  89.1"," ","  75.2"," "," 0.74","C","999.9","010010"
"96987099999","2020-03-02","-8.2166666","114.3833333","5.0","BANYUWANGI, ID","  82.7"," 8","  76.0"," 8","1007.9"," 8","003.0"," 8","  5.0"," 8","  1.4"," 8","  7.0","999.9","  90.0"," ","  76.3"," "," 0.02","C","999.9","010000"
"96987099999","2020-03-03","-8.2166666","114.3833333","5.0","BANYUWANGI, ID","  82.8"," 8","  76.1"," 8","1008.2"," 8","003.3"," 8","  4.5"," 8","  2.1"," 8","  6.0","999.9","  89.6"," ","  77.2","*"," 0.59","B","999.9","010010"
"96987099999","2020-03-04","-8.2166666","114.3833333","5.0","BANYUWANGI, ID","  80.3"," 8","  75.6"," 8","1008.3"," 8","003.3"," 8","  5.0"," 8","  1.0"," 8","  6.0","999.9","  86.0"," ","  76.5","*"," 0.02","A","999.9","010000"
"96987099999","2020-03-05","-8.2166666","114.3833333","5.0","BANYUWANGI, ID","  81.4"," 8","  75.2"," 8","1008.3"," 8","003.4"," 8","  5.0"," 8","  0.8"," 8","  2.9","999.9","  88.2","*","  76.5"," "," 0.67","B","999.9","010000"
"96987099999","2020-03-06","-8.2166666","114.3833333","5.0","BANYUWANGI, ID","  80.1"," 8","  75.0"," 8","1009.8"," 8","004.8"," 8","  4.6"," 8","  1.0"," 8","  4.1","999.9","  90.1"," ","  75.6"," "," 0.95","C","999.9","010010"
"96987099999","2020-03-07","-8.2166666","114.3833333","5.0","BANYUWANGI, ID","  81.0"," 8","  75.5"," 8","1009.7"," 8","004.8"," 8","  4.7"," 8","  1.7"," 8","  8.0","999.9","  89.4"," ","  75.6"," "," 0.04","A","999.9","010010"
"96987099999","2020-03-08","-8.2166666","114.3833333","5.0","BANYUWANGI, ID","  80.8"," 8","  75.9"," 8","1008.2"," 8","003.3"," 8","  4.7"," 8","  2.3"," 8","  6.0","999.9","  86.5","*","  76.1"," "," 0.04","A","999.9","010010"
"96987099999","2020-03-09","-8.2166666","114.3833333","5.0","BANYUWANGI, ID","  78.3"," 8","  75.2"," 8","1007.8"," 8","002.9"," 8","  4.1"," 8","  1.1"," 8","  2.9","999.9","  87.4"," ","  75.4","*"," 4.45","B","999.9","010010"
"96987099999","2020-03-10","-8.2166666","114.3833333","5.0","BANYUWANGI, ID","  82.3"," 8","  75.9"," 8","1007.4"," 8","002.5"," 8","  5.0"," 8","  3.4"," 8","  8.9","999.9","  89.2"," ","  74.5"," "," 0.04","A","999.9","000010"
"96987099999","2020-03-11","-8.2166666","114.3833333","5.0","BANYUWANGI, ID","  82.7"," 7","  76.5"," 7","1008.1"," 7","004.0"," 7","  4.8"," 7","  3.4"," 7","  8.0","999.9","  88.2","*","  77.0"," "," 0.12","A","999.9","010010"
"96987099999","2020-03-12","-8.2166666","114.3833333","5.0","BANYUWANGI, ID","  82.6"," 8","  75.6"," 8","1010.8"," 8","005.8"," 8","  5.1"," 8","  8.5"," 8","999.9","999.9","  90.0"," ","  77.4"," "," 0.00","I","999.9","000010"
"96987099999","2020-03-13","-8.2166666","114.3833333","5.0","BANYUWANGI, ID","  81.1"," 8","  74.3"," 8","1011.0"," 8","006.2"," 8","  4.9"," 8","  2.6"," 8","  5.1","999.9","  88.9","*","  76.6","*","99.99"," ","999.9","010010"
"96987099999","2020-03-14","-8.2166666","114.3833333","5.0","BANYUWANGI, ID","  82.7"," 6","  74.4"," 6","1009.7"," 6","004.9"," 6","  5.1"," 6","  2.6"," 6","  4.1","999.9","  89.8","*","  75.6"," "," 0.00","I","999.9","000000"
"96987099999","2020-03-15","-8.2166666","114.3833333","5.0","BANYUWANGI, ID","  84.5"," 8","  76.5"," 8","1009.3"," 8","004.4"," 8","  5.5"," 8","  2.0"," 8","  6.0","999.9","  92.1","*","  73.4"," "," 0.28","B","999.9","010010"
"96987099999","2020-03-16","-8.2166666","114.3833333","5.0","BANYUWANGI, ID","  84.5"," 8","  75.8"," 8","1010.2"," 8","005.4"," 8","  5.5"," 8","  2.0"," 8","  6.0","999.9","  91.2","*","  77.5"," "," 0.00","I","999.9","000000"
"96987099999","2020-03-17","-8.2166666","114.3833333","5.0","BANYUWANGI, ID","  82.8"," 8","  74.6"," 8","1010.2"," 8","005.3"," 8","  5.1"," 8","  2.2"," 8","  6.0","999.9","  91.8"," ","  77.9","*"," 0.00","I","999.9","000000"
"96987099999","2020-03-18","-8.2166666","114.3833333","5.0","BANYUWANGI, ID","  83.5"," 8","  74.1"," 8","1009.5"," 8","004.6"," 8","  6.1"," 8","  5.0"," 8","  8.9","999.9","  90.0","*","  77.4"," "," 0.00","I","999.9","000000"
"96987099999","2020-03-19","-8.2166666","114.3833333","5.0","BANYUWANGI, ID","  83.0"," 8","  74.1"," 8","1010.0"," 8","005.2"," 8","  5.4"," 8","  2.5"," 8","  9.9","999.9","  91.4"," ","  77.0"," "," 0.00","B","999.9","010000"
"96987099999","2020-03-20","-8.2166666","114.3833333","5.0","BANYUWANGI, ID","  84.5"," 8","  72.6"," 8","1010.0"," 8","005.2"," 8","  5.8"," 8","  3.1"," 8","  6.0","999.9","  92.8"," ","  75.6"," "," 0.00","I","999.9","000000"
"96987099999","2020-03-21","-8.2166666","114.3833333","5.0","BANYUWANGI, ID","  82.9"," 8","  74.5"," 8","1010.4"," 8","005.5"," 8","  5.4"," 8","  4.1"," 8"," 14.0","999.9","  89.6"," ","  76.1"," "," 0.00","I","999.9","000010"
"96987099999","2020-03-22","-8.2166666","114.3833333","5.0","BANYUWANGI, ID","  84.4"," 8","  74.0"," 8","1009.8"," 8","004.9"," 8","  5.5"," 8","  3.0"," 8"," 12.0","999.9","  92.5"," ","  75.9"," "," 0.00","I","999.9","000000"
"96987099999","2020-03-23","-8.2166666","114.3833333","5.0","BANYUWANGI, ID","  81.6"," 8","  72.9"," 8","1009.2"," 8","004.3"," 8","  5.1"," 8","  1.1"," 8","  4.1","999.9","  92.5"," ","  77.0","*"," 0.00","I","999.9","000000"
"96987099999","2020-03-24","-8.2166666","114.3833333","5.0","BANYUWANGI, ID","  83.3"," 8","  74.3"," 8","1008.3"," 8","003.5"," 8","  5.2"," 8","  2.4"," 8","  9.9","999.9","  91.8"," ","  76.6"," "," 0.00","I","999.9","000000"
"96987099999","2020-03-25","-8.2166666","114.3833333","5.0","BANYUWANGI, ID","  84.2"," 8","  74.3"," 8","1008.3"," 8","003.4"," 8","  5.6"," 8","  3.5"," 8","  7.0","999.9","  91.4"," ","  75.6"," "," 0.00","I","999.9","000000"
"96987099999","2020-03-26","-8.2166666","114.3833333","5.0","BANYUWANGI, ID","  85.1"," 8","  75.6"," 8","1008.1"," 8","003.3"," 8","  5.5"," 8","  2.1"," 8","  4.1","999.9","  91.4"," ","  78.1"," "," 0.20","B","999.9","010010"
"96987099999","2020-03-27","-8.2166666","114.3833333","5.0","BANYUWANGI, ID","  82.9"," 8","  77.3"," 8","1008.7"," 8","003.7"," 8","  4.3"," 8","  1.7"," 8","  4.1","999.9","  86.7","*","  77.7"," "," 0.02","A","999.9","000000"
"96987099999","2020-03-28","-8.2166666","114.3833333","5.0","BANYUWANGI, ID","  82.3"," 8","  75.3"," 8","1008.0"," 8","003.2"," 8","  5.0"," 8","  4.9"," 8"," 14.0","999.9","  89.8"," ","  77.2","*"," 0.08","A","999.9","010000"
"96987099999","2020-03-29","-8.2166666","114.3833333","5.0","BANYUWANGI, ID","  83.2"," 8","  75.8"," 8","1007.8"," 8","003.0"," 8","  5.4"," 8","  1.2"," 8","  4.1","999.9","  90.7"," ","  76.5"," "," 0.00","I","999.9","000000"
"96987099999","2020-03-30","-8.2166666","114.3833333","5.0","BANYUWANGI, ID","  83.4"," 8","  74.8"," 8","1008.3"," 8","003.5"," 8","  5.5"," 8","  1.2"," 8","  4.1","999.9","  91.0"," ","  76.3"," "," 0.00","I","999.9","000000"
"96987099999","2020-03-31","-8.2166666","114.3833333","5.0","BANYUWANGI, ID","  84.5"," 8","  74.7"," 8","1008.6"," 8","003.8"," 8","  5.5"," 8","  2.1"," 8","  6.0","999.9","  90.3","*","  76.6"," "," 0.00","I","999.9","000000"
"96987099999","2020-04-01","-8.2166666","114.3833333","5.0","BANYUWANGI, ID","  84.4"," 8","  75.1"," 8","1008.7"," 8","003.9"," 8","  5.6"," 8","  3.2"," 8","  8.0","999.9","  91.8"," ","  78.4"," "," 0.00","I","999.9","000000"
"96987099999","2020-04-02","-8.2166666","114.3833333","5.0","BANYUWANGI, ID","  84.0"," 8","  77.2"," 8","1008.7"," 8","003.7"," 8","  5.0"," 8","  3.3"," 8","  8.0","999.9","  91.4"," ","  78.8"," "," 0.16","B","999.9","000000"
"96987099999","2020-04-03","-8.2166666","114.3833333","5.0","BANYUWANGI, ID","  84.3"," 8","  76.5"," 8","1008.9"," 8","004.0"," 8","  5.4"," 8","  2.5"," 8","  6.0","999.9","  91.0"," ","  78.1"," "," 0.00","I","999.9","000010"
"96987099999","2020-04-04","-8.2166666","114.3833333","5.0","BANYUWANGI, ID","  84.0"," 8","  76.3"," 8","1009.4"," 8","004.4"," 8","  4.9"," 8","  2.7"," 8","  9.9","999.9","  92.1"," ","  79.2"," "," 0.16","A","999.9","010000"
"96987099999","2020-04-05","-8.2166666","114.3833333","5.0","BANYUWANGI, ID","  83.0"," 8","  77.1"," 8","1009.3"," 8","004.5"," 8","  5.0"," 8","  1.0"," 8","  4.1","999.9","  92.1"," ","  79.2"," "," 0.00","I","999.9","000010"
"96987099999","2020-04-06","-8.2166666","114.3833333","5.0","BANYUWANGI, ID","  80.2"," 8","  75.4"," 8","1009.2"," 8","004.3"," 8","  4.5"," 8","  1.0"," 8","  6.0","999.9","  89.1"," ","  75.6","*"," 0.20","B","999.9","010000"
"96987099999","2020-04-07","-8.2166666","114.3833333","5.0","BANYUWANGI, ID","  82.0"," 8","  73.8"," 8","1008.9"," 8","004.1"," 8","  5.4"," 8","  1.3"," 8","  4.1","999.9","  90.3"," ","  75.2"," "," 0.00","I","999.9","000000"
"96987099999","2020-04-08","-8.2166666","114.3833333","5.0","BANYUWANGI, ID","  83.3"," 8","  75.1"," 8","1010.3"," 8","005.4"," 8","  5.4"," 8","  1.4"," 8","  4.1","999.9","  90.7"," ","  75.6"," "," 0.12","A","999.9","000000"
"96987099999","2020-04-09","-8.2166666","114.3833333","5.0","BANYUWANGI, ID","  84.2"," 8","  74.6"," 8","1010.8"," 8","005.9"," 8","  5.7"," 8","  2.5"," 8","  6.0","999.9","  90.5"," ","  77.4"," "," 0.00","B","999.9","010000"
"96987099999","2020-04-10","-8.2166666","114.3833333","5.0","BANYUWANGI, ID","  84.9"," 8","  75.5"," 8","1010.4"," 8","005.5"," 8","  5.3"," 8","  3.5"," 8","  6.0","999.9","  91.0"," ","  78.1"," "," 0.04","A","999.9","010000"
"96987099999","2020-04-11","-8.2166666","114.3833333","5.0","BANYUWANGI, ID","  83.1"," 8","  73.5"," 8","1010.2"," 8","005.2"," 8","  5.0"," 8","  3.3"," 8","  6.0","999.9","  88.5"," ","  78.1"," "," 0.00","I","999.9","000000"
"96987099999","2020-04-12","-8.2166666","114.3833333","5.0","BANYUWANGI, ID","  81.8"," 8","  70.9"," 8","1009.1"," 8","004.2"," 8","  4.3"," 8","  3.2"," 8","  6.0","999.9","  90.7"," ","  77.0","*"," 0.20","A","999.9","010000"
"96987099999","2020-04-13","-8.2166666","114.3833333","5.0","BANYUWANGI, ID","  82.9"," 8","  74.3"," 8","1009.2"," 8","004.3"," 8","  5.0"," 8","  1.9"," 8","  5.1","999.9","  89.6"," ","  76.6"," "," 0.20","A","999.9","010000"
"96987099999","2020-04-14","-8.2166666","114.3833333","5.0","BANYUWANGI, ID","  82.8"," 8","  74.9"," 8","1010.0"," 8","005.2"," 8","  5.4"," 8","  1.7"," 8","  4.1","999.9","  90.5"," ","  78.3"," "," 0.04","A","999.9","010000"
"96987099999","2020-04-15","-8.2166666","114.3833333","5.0","BANYUWANGI, ID","  83.8"," 8","  76.2"," 8","1010.0"," 8","005.2"," 8","  5.4"," 8","  2.7"," 8","  9.9","999.9","  92.5"," ","  76.3"," "," 0.12","A","999.9","010000"
"96987099999","2020-04-16","-8.2166666","114.3833333","5.0","BANYUWANGI, ID","  85.3"," 8","  76.3"," 8","1009.1"," 8","004.2"," 8","  5.4"," 8","  2.5"," 8","  6.0","999.9","  93.0"," ","  76.6"," "," 0.08","A","999.9","000000"
"96987099999","2020-04-17","-8.2166666","114.3833333","5.0","BANYUWANGI, ID","  83.7"," 8","  76.2"," 8","1009.4"," 8","004.5"," 8","  5.4"," 8","  1.6"," 8","  4.1","999.9","  90.5"," ","  78.4"," "," 0.00","I","999.9","000010"
"96987099999","2020-04-18","-8.2166666","114.3833333","5.0","BANYUWANGI, ID","  82.9"," 8","  76.0"," 8","1009.8"," 8","004.8"," 8","  5.1"," 8","  4.3"," 8"," 11.1","999.9","  90.7"," ","  77.7","*"," 0.00","A","999.9","000010"
"96987099999","2020-04-19","-8.2166666","114.3833333","5.0","BANYUWANGI, ID","  82.3"," 8","  74.3"," 8","1009.9"," 8","005.1"," 8","  5.8"," 8","  2.7"," 8","  8.0","999.9","  91.2"," ","  77.0"," "," 0.00","I","999.9","000010"
"96987099999","2020-04-20","-8.2166666","114.3833333","5.0","BANYUWANGI, ID","  85.3"," 8","  76.1"," 8","1009.5"," 8","004.6"," 8","  5.6"," 8","  3.1"," 8","  8.0","999.9","  92.7"," ","  77.0"," "," 0.00","I","999.9","000000"
"96987099999","2020-04-21","-8.2166666","114.3833333","5.0","BANYUWANGI, ID","  84.5"," 8","  73.7"," 8","1009.2"," 8","004.4"," 8","  5.6"," 8","  1.5"," 8","  5.1","999.9","  93.2"," ","  78.4"," "," 0.00","I","999.9","000000"
"96987099999","2020-04-22","-8.2166666","114.3833333","5.0","BANYUWANGI, ID","  84.6"," 8","  76.2"," 8","1009.4"," 8","004.6"," 8","  5.9"," 8","  3.1"," 8","  6.0","999.9","  92.5"," ","  77.0"," "," 0.12","A","999.9","000000"
"96987099999","2020-04-23","-8.2166666","114.3833333","5.0","BANYUWANGI, ID","  82.8"," 8","  75.5"," 7","1009.2"," 8","004.2"," 8","  5.2"," 8","  3.4"," 8","  4.1","999.9","  90.0","*","  68.9","*"," 0.00","I","999.9","000000"
"96987099999","2020-04-24","-8.2166666","114.3833333","5.0","BANYUWANGI, ID","  84.8"," 8","  74.5"," 8","1008.9"," 7","004.1"," 7","  5.6"," 8","  2.7"," 8","  8.0","999.9","  90.5"," ","  81.0","*"," 0.00","I","999.9","000000"
"96987099999","2020-04-25","-8.2166666","114.3833333","5.0","BANYUWANGI, ID","  84.3"," 8","  75.3"," 8","1009.7"," 8","004.8"," 8","  5.1"," 8","  2.3"," 8","  5.1","999.9","  90.7"," ","  79.7","*"," 0.00","I","999.9","000000"
"96987099999","2020-04-26","-8.2166666","114.3833333","5.0","BANYUWANGI, ID","  84.1"," 8","  75.1"," 8","1009.5"," 8","004.7"," 8","  5.6"," 8","  3.4"," 8","  6.0","999.9","  89.2"," ","  79.2"," "," 0.00","I","999.9","000000"
"96987099999","2020-04-27","-8.2166666","114.3833333","5.0","BANYUWANGI, ID","  83.1"," 8","  74.2"," 8","1009.8"," 8","004.9"," 8","  6.0"," 8","  1.7"," 8","  6.0","999.9","  89.8"," ","  77.2","*"," 0.00","I","999.9","000000"
"96987099999","2020-04-28","-8.2166666","114.3833333","5.0","BANYUWANGI, ID","  83.0"," 8","  73.5"," 8","1009.6"," 8","004.7"," 8","  5.7"," 8","  2.3"," 8","  6.0","999.9","  89.6"," ","  76.6"," "," 0.00","I","999.9","000000"
"96987099999","2020-04-29","-8.2166666","114.3833333","5.0","BANYUWANGI, ID","  83.4"," 8","  75.0"," 8","1009.7"," 8","004.8"," 8","  5.6"," 8","  4.2"," 8","  8.0","999.9","  89.4"," ","  76.3"," "," 0.00","I","999.9","000000"
"96987099999","2020-04-30","-8.2166666","114.3833333","5.0","BANYUWANGI, ID","  83.0"," 8","  73.7"," 8","1010.1"," 8","005.2"," 8","  5.2"," 8","  2.0"," 8","  4.1","999.9","  87.1"," ","  78.4","*"," 0.00","I","999.9","000000"
"96987099999","2020-05-01","-8.2166666","114.3833333","5.0","BANYUWANGI, ID","  82.5"," 8","  72.4"," 8","1008.9"," 8","004.0"," 8","  5.6"," 8","  3.0"," 8","  4.1","999.9","  88.9"," ","  77.0","*"," 0.00","I","999.9","000000"
"96987099999","2020-05-02","-8.2166666","114.3833333","5.0","BANYUWANGI, ID","  82.8"," 8","  73.4"," 8","1008.7"," 8","003.8"," 8","  5.6"," 8","  3.3"," 8","  4.1","999.9","  89.2"," ","  75.9"," "," 0.00","I","999.9","000000"
"96987099999","2020-05-03","-8.2166666","114.3833333","5.0","BANYUWANGI, ID","  84.8"," 8","  75.3"," 8","1009.2"," 8","004.4"," 8","  6.0"," 8","  2.5"," 8","  7.0","999.9","  92.1"," ","  77.0"," ","99.99"," ","999.9","010000"
"96987099999","2020-05-04","-8.2166666","114.3833333","5.0","BANYUWANGI, ID","  83.2"," 8","  75.9"," 8","1009.9"," 8","005.0"," 8","  5.4"," 8","  3.9"," 8","  6.0","999.9","  89.6"," ","  78.8","*"," 0.12","A","999.9","010000"
"96987099999","2020-05-05","-8.2166666","114.3833333","5.0","BANYUWANGI, ID","  83.7"," 8","  76.4"," 8","1009.6"," 8","004.7"," 8","  5.5"," 8","  3.5"," 8","  8.0","999.9","  88.9"," ","  78.1"," "," 0.00","I","999.9","000000"
"96987099999","2020-05-06","-8.2166666","114.3833333","5.0","BANYUWANGI, ID","  83.7"," 8","  74.7"," 8","1009.6"," 8","004.8"," 8","  5.0"," 8","  3.0"," 8","  6.0","999.9","  89.6"," ","  78.1"," "," 0.00","I","999.9","000000"
"96987099999","2020-05-07","-8.2166666","114.3833333","5.0","BANYUWANGI, ID","  84.0"," 8","  76.2"," 8","1009.0"," 8","004.1"," 8","  5.1"," 8","  2.5"," 8","  4.1","999.9","  90.0"," ","  77.9"," "," 0.00","I","999.9","000000"
"96987099999","2020-05-08","-8.2166666","114.3833333","5.0","BANYUWANGI, ID","  83.0"," 8","  76.6"," 8","1008.8"," 8","003.9"," 8","  5.3"," 8","  1.6"," 8","  5.1","999.9","  90.3"," ","  78.8"," "," 0.08","A","999.9","010010"
"96987099999","2020-05-09","-8.2166666","114.3833333","5.0","BANYUWANGI, ID","  82.8"," 8","  76.7"," 8","1010.1"," 8","005.2"," 8","  5.4"," 8","  3.3"," 8","  6.0","999.9","  90.3"," ","  78.4"," "," 0.00","I","999.9","000000"
"96987099999","2020-05-10","-8.2166666","114.3833333","5.0","BANYUWANGI, ID","  83.3"," 8","  76.0"," 8","1009.6"," 8","004.7"," 8","  5.2"," 8","  3.0"," 8","  6.0","999.9","  89.6"," ","  79.2"," "," 0.00","I","999.9","000000"
"96987099999","2020-05-11","-8.2166666","114.3833333","5.0","BANYUWANGI, ID","  82.5"," 8","  74.7"," 8","1010.0"," 8","005.4"," 8","  5.0"," 8","  2.7"," 8","  4.1","999.9","  90.1"," ","  78.4","*"," 0.00","I","999.9","000000"
"96987099999","2020-05-12","-8.2166666","114.3833333","5.0","BANYUWANGI, ID","  82.6"," 8","  73.9"," 8","1010.1"," 8","005.2"," 8","  5.2"," 8","  3.9"," 8","  6.0","999.9","  87.6"," ","  77.4"," "," 0.00","I","999.9","000000"
"96987099999","2020-05-13","-8.2166666","114.3833333","5.0","BANYUWANGI, ID","  82.6"," 8","  75.5"," 8","1009.9"," 8","005.1"," 8","  5.4"," 8","  3.6"," 8","  8.0","999.9","  88.2"," ","  78.1"," ","99.99"," ","999.9","010000"
"96987099999","2020-05-14","-8.2166666","114.3833333","5.0","BANYUWANGI, ID","  80.6"," 8","  75.0"," 8","1009.7"," 8","004.8"," 8","  5.0"," 8","  1.3"," 8","  4.1","999.9","  84.2"," ","  76.6"," "," 0.02","A","999.9","000000"
"96987099999","2020-05-15","-8.2166666","114.3833333","5.0","BANYUWANGI, ID","  82.3"," 8","  76.3"," 8","1008.7"," 8","003.8"," 8","  5.2"," 8","  4.3"," 8","  8.0","999.9","  86.9"," ","  77.4"," "," 0.01","A","999.9","000000"
"96987099999","2020-05-16","-8.2166666","114.3833333","5.0","BANYUWANGI, ID","  82.9"," 8","  77.1"," 8","1007.5"," 8","002.6"," 8","  4.6"," 8","  4.5"," 8","  8.0","999.9","  86.7"," ","  79.7"," "," 0.02","A","999.9","010000"
"96987099999","2020-05-17","-8.2166666","114.3833333","5.0","BANYUWANGI, ID","  83.0"," 8","  77.5"," 7","1007.2"," 7","002.4"," 7","  4.9"," 8","  3.3"," 8","  8.0","999.9","  86.5"," ","  77.4"," "," 0.08","A","999.9","000000"
"96987099999","2020-05-18","-8.2166666","114.3833333","5.0","BANYUWANGI, ID","  81.5"," 8","  76.9"," 8","1007.5"," 8","002.7"," 8","  4.7"," 8","  3.1"," 8","  6.0","999.9","  86.0"," ","  78.6","*"," 0.24","B","999.9","010010"
"96987099999","2020-05-19","-8.2166666","114.3833333","5.0","BANYUWANGI, ID","  81.5"," 8","  75.7"," 8","1008.3"," 8","003.5"," 8","  5.1"," 8","  2.0"," 8","  4.1","999.9","  89.1"," ","  77.4"," "," 0.08","A","999.9","010000"
"96987099999","2020-05-20","-8.2166666","114.3833333","5.0","BANYUWANGI, ID","  79.7"," 8","  76.9"," 8","1008.3"," 8","003.3"," 8","  4.3"," 8","  2.5"," 8","  4.1","999.9","  84.6","*","  76.6","*"," 2.17","D","999.9","010000"
"96987099999","2020-05-21","-8.2166666","114.3833333","5.0","BANYUWANGI, ID","  78.6"," 8","  75.8"," 8","1009.0"," 8","004.1"," 8","  4.7"," 8","  3.2"," 8","  6.0","999.9","  82.8"," ","  76.1","*"," 0.77","D","999.9","010010"
"96987099999","2020-05-22","-8.2166666","114.3833333","5.0","BANYUWANGI, ID","  82.7"," 8","  75.5"," 8","1008.6"," 8","003.7"," 8","  5.3"," 8","  2.3"," 8","  6.0","999.9","  88.9"," ","  75.6"," "," 0.00","I","999.9","000000"
"96987099999","2020-05-23","-8.2166666","114.3833333","5.0","BANYUWANGI, ID","  83.2"," 8","  73.6"," 8","1009.5"," 8","004.6"," 8","  5.4"," 8","  2.8"," 8","  6.0","999.9","  90.7"," ","  77.4"," "," 0.00","I","999.9","000000"
"96987099999","2020-05-24","-8.2166666","114.3833333","5.0","BANYUWANGI, ID","  82.4"," 8","  74.1"," 8","1010.4"," 8","005.5"," 8","  5.1"," 8","  3.8"," 8","  9.9","999.9","  89.6"," ","  75.6"," "," 0.00","I","999.9","000000"
"96987099999","2020-05-25","-8.2166666","114.3833333","5.0","BANYUWANGI, ID","  83.9"," 8","  73.2"," 8","1010.8"," 8","005.9"," 8","  5.9"," 8","  3.5"," 8","  8.0","999.9","  91.9"," ","  75.6"," "," 0.00","I","999.9","000000"
"96987099999","2020-05-26","-8.2166666","114.3833333","5.0","BANYUWANGI, ID","  82.4"," 8","  75.8"," 8","1010.4"," 8","005.6"," 8","  5.4"," 8","  2.8"," 8","  7.0","999.9","  90.7"," ","  75.6"," "," 0.08","A","999.9","010010"
"96987099999","2020-05-27","-8.2166666","114.3833333","5.0","BANYUWANGI, ID","  80.7"," 8","  76.2"," 8","1011.0"," 8","006.2"," 8","  4.8"," 8","  1.7"," 8","  6.0","999.9","  85.6"," ","  77.0"," "," 0.22","B","999.9","010010"
"96987099999","2020-05-28","-8.2166666","114.3833333","5.0","BANYUWANGI, ID","  79.4"," 8","  75.1"," 8","1011.5"," 8","006.6"," 8","  4.0"," 8","  3.0"," 8","  6.0","999.9","  87.4"," ","  75.9"," "," 3.11","A","999.9","010010"
"96987099999","2020-05-29","-8.2166666","114.3833333","5.0","BANYUWANGI, ID","  80.4"," 8","  75.5"," 8","1011.6"," 8","006.7"," 8","  4.6"," 8","  1.5"," 8","  4.1","999.9","  86.9"," ","  75.2"," "," 0.94","B","999.9","010000"
"96987099999","2020-05-30","-8.2166666","114.3833333","5.0","BANYUWANGI, ID","  82.1"," 8","  76.8"," 8","1011.3"," 8","006.4"," 8","  5.1"," 8","  1.7"," 8","  5.1","999.9","  88.3"," ","  74.8"," "," 0.35","B","999.9","010000"
"96987099999","2020-05-31","-8.2166666","114.3833333","5.0","BANYUWANGI, ID","  83.4"," 8","  76.8"," 8","1012.1"," 8","007.0"," 8","  5.0"," 8","  1.8"," 8","  4.1","999.9","  91.4","*","  77.0"," "," 0.00","I","999.9","000000"
"96987099999","2020-06-01","-8.2166666","114.3833333","5.0","BANYUWANGI, ID","  82.4"," 8","  75.3"," 8","1011.5"," 8","006.3"," 8","  5.0"," 8","  2.7"," 8","  4.1","999.9","  87.4"," ","  77.4"," "," 0.00","I","999.9","000000"
"96987099999","2020-06-02","-8.2166666","114.3833333","5.0","BANYUWANGI, ID","  82.5"," 8","  75.0"," 8","1011.3"," 8","006.1"," 8","  5.4"," 8","  2.6"," 8","  4.1","999.9","  88.9"," ","  76.6","*"," 0.00","I","999.9","000000"
"96987099999","2020-06-03","-8.2166666","114.3833333","5.0","BANYUWANGI, ID","  82.3"," 8","  71.8"," 8","1011.7"," 8","006.6"," 8","  5.8"," 8","  3.6"," 8","  8.9","999.9","  90.0"," ","  75.6"," "," 0.00","I","999.9","000000"
"96987099999","2020-06-04","-8.2166666","114.3833333","5.0","BANYUWANGI, ID","  81.9"," 7","  72.6"," 7","1011.3"," 7","006.1"," 7","  5.2"," 7","  4.9"," 7"," 12.0","999.9","  87.8"," ","  76.3"," "," 0.01","A","999.9","000000"
"96987099999","2020-06-05","-8.2166666","114.3833333","5.0","BANYUWANGI, ID","  80.6"," 8","  74.5"," 8","1011.0"," 8","005.8"," 8","  5.5"," 8","  3.6"," 8","  8.0","999.9","  85.3"," ","  77.4","*"," 0.08","A","999.9","010000"
"96987099999","2020-06-06","-8.2166666","114.3833333","5.0","BANYUWANGI, ID","  79.5"," 8","  74.1"," 8","1011.1"," 8","005.9"," 8","  4.7"," 8","  4.2"," 8","  8.0","999.9","  86.0"," ","  76.6"," "," 0.04","C","999.9","010000"
"96987099999","2020-06-07","-8.2166666","114.3833333","5.0","BANYUWANGI, ID","  80.2"," 8","  73.2"," 8","1009.7"," 8","004.6"," 8","  4.8"," 8","  3.3"," 8","  5.1","999.9","  86.4","*","  74.8"," "," 0.59","A","999.9","010000"
"96987099999","2020-06-08","-8.2166666","114.3833333","5.0","BANYUWANGI, ID","  79.3"," 8","  71.7"," 8","1010.9"," 8","005.8"," 8","  5.2"," 8","  2.6"," 8","  8.0","999.9","  84.9"," ","  73.4"," "," 0.00","I","999.9","000000"
"96987099999","2020-06-09","-8.2166666","114.3833333","5.0","BANYUWANGI, ID","  79.8"," 8","  71.5"," 8","1011.7"," 8","006.6"," 8","  5.9"," 8","  2.3"," 8","  8.0","999.9","  88.2"," ","  74.5"," "," 0.00","I","999.9","000000"
"96987099999","2020-06-10","-8.2166666","114.3833333","5.0","BANYUWANGI, ID","  79.5"," 8","  70.1"," 8","1010.3"," 8","005.2"," 8","  5.6"," 8","  2.5"," 8","  6.0","999.9","  86.0"," ","  72.3","*"," 0.00","I","999.9","000000"
"96987099999","2020-06-11","-8.2166666","114.3833333","5.0","BANYUWANGI, ID","  79.4"," 8","  69.6"," 8","1009.4"," 8","004.3"," 8","  5.7"," 8","  1.2"," 8","  2.9","999.9","  86.7"," ","  71.8"," "," 0.00","I","999.9","000000"
"96987099999","2020-06-12","-8.2166666","114.3833333","5.0","BANYUWANGI, ID","  79.9"," 8","  70.5"," 8","1008.8"," 8","003.6"," 8","  5.7"," 8","  1.8"," 8","  6.0","999.9","  86.7"," ","  70.5"," "," 0.00","I","999.9","000000"
"96987099999","2020-06-13","-8.2166666","114.3833333","5.0","BANYUWANGI, ID","  82.0"," 8","  74.1"," 8","1009.7"," 8","004.6"," 8","  5.5"," 8","  4.0"," 8","  8.9","999.9","  86.7"," ","  73.4"," "," 0.00","I","999.9","000000"
"96987099999","2020-06-14","-8.2166666","114.3833333","5.0","BANYUWANGI, ID","  81.7"," 8","  75.7"," 8","1010.7"," 8","005.5"," 8","  5.4"," 8","  2.6"," 8","  4.1","999.9","  87.8"," ","  76.6"," "," 0.58","B","999.9","010000"
"96987099999","2020-06-15","-8.2166666","114.3833333","5.0","BANYUWANGI, ID","  80.7"," 7","  76.2"," 7","1011.1"," 7","005.9"," 7","  5.0"," 7","  3.4"," 7","  8.0","999.9","  86.4"," ","  77.0"," "," 0.00","I","999.9","000000"
"96987099999","2020-06-16","-8.2166666","114.3833333","5.0","BANYUWANGI, ID","  81.4"," 7","  74.5"," 7","1010.7"," 7","005.6"," 7","  5.5"," 7","  2.6"," 7","  6.0","999.9","  86.4"," ","  77.4"," "," 0.00","I","999.9","000000"
"96987099999","2020-06-17","-8.2166666","114.3833333","5.0","BANYUWANGI, ID","  82.1"," 8","  75.6"," 8","1011.2"," 8","006.0"," 8","  5.4"," 8","  2.8"," 8","  8.0","999.9","  86.4"," ","  75.2"," "," 0.00","I","999.9","000000"
"96987099999","2020-06-18","-8.2166666","114.3833333","5.0","BANYUWANGI, ID","  80.9"," 8","  74.7"," 8","1011.3"," 8","006.1"," 8","  5.0"," 8","  4.6"," 8","  8.0","999.9","  84.9"," ","  78.8"," ","99.99"," ","999.9","010000"
"96987099999","2020-06-19","-8.2166666","114.3833333","5.0","BANYUWANGI, ID","  80.6"," 8","  73.7"," 8","1012.0"," 8","006.9"," 8","  5.0"," 8","  3.6"," 8","  7.0","999.9","  83.8"," ","  77.0","*"," 0.08","A","999.9","010000"
"96987099999","2020-06-20","-8.2166666","114.3833333","5.0","BANYUWANGI, ID","  80.6"," 8","  73.8"," 8","1010.7"," 8","005.5"," 8","  5.1"," 8","  4.0"," 8","  7.0","999.9","  84.6","*","  76.1"," "," 0.00","B","999.9","010000"
"96987099999","2020-06-21","-8.2166666","114.3833333","5.0","BANYUWANGI, ID","  79.1"," 8","  74.7"," 8","1009.5"," 8","004.4"," 8","  4.7"," 8","  3.0"," 8","  8.0","999.9","  84.2"," ","  76.3","*"," 0.88","B","999.9","010000"
"96987099999","2020-06-22","-8.2166666","114.3833333","5.0","BANYUWANGI, ID","  80.1"," 8","  73.3"," 8","1010.2"," 8","005.0"," 8","  5.6"," 8","  2.6"," 8","  6.0","999.9","  84.9"," ","  75.6"," "," 0.00","I","999.9","000000"
"96987099999","2020-06-23","-8.2166666","114.3833333","5.0","BANYUWANGI, ID","  79.9"," 8","  73.2"," 8","1010.9"," 8","005.7"," 8","  5.3"," 8","  3.5"," 8","  6.0","999.9","  86.0"," ","  75.2"," "," 0.16","A","999.9","010000"
"96987099999","2020-06-24","-8.2166666","114.3833333","5.0","BANYUWANGI, ID","  79.1"," 8","  71.7"," 8","1010.9"," 8","005.8"," 8","  5.1"," 8","  3.4"," 8","  8.9","999.9","  84.2"," ","  75.2","*"," 0.00","I","999.9","000000"
"96987099999","2020-06-25","-8.2166666","114.3833333","5.0","BANYUWANGI, ID","  79.2"," 8","  72.2"," 8","1010.5"," 8","005.3"," 8","  5.5"," 8","  3.0"," 8","  6.0","999.9","  83.5"," ","  74.8"," "," 0.01","A","999.9","010000"
"96987099999","2020-06-26","-8.2166666","114.3833333","5.0","BANYUWANGI, ID","  79.4"," 8","  72.4"," 8","1010.7"," 8","005.6"," 8","  5.5"," 8","  3.4"," 8","  8.0","999.9","  84.0","*","  74.8"," "," 0.00","I","999.9","000000"
"96987099999","2020-06-27","-8.2166666","114.3833333","5.0","BANYUWANGI, ID","  79.7"," 8","  71.1"," 8","1011.6"," 8","006.4"," 8","  5.9"," 8","  2.5"," 8","  6.0","999.9","  84.2"," ","  73.0"," "," 0.00","I","999.9","000000"
"96987099999","2020-06-28","-8.2166666","114.3833333","5.0","BANYUWANGI, ID","  79.8"," 8","  73.8"," 8","1011.6"," 8","006.5"," 8","  5.0"," 8","  3.6"," 8","  4.1","999.9","  84.6"," ","  74.8"," "," 0.01","B","999.9","010000"
"96987099999","2020-06-29","-8.2166666","114.3833333","5.0","BANYUWANGI, ID","  79.8"," 8","  73.7"," 8","1011.2"," 8","006.1"," 8","  5.4"," 8","  3.1"," 8","  6.0","999.9","  86.4"," ","  75.6"," "," 0.00","B","999.9","010000"
"96987099999","2020-06-30","-8.2166666","114.3833333","5.0","BANYUWANGI, ID","  79.5"," 8","  73.0"," 8","1010.7"," 8","005.5"," 8","  5.4"," 8","  2.3"," 8","  5.1","999.9","  84.6"," ","  76.6"," "," 0.00","I","999.9","000000"
"96987099999","2020-07-01","-8.2166666","114.3833333","5.0","BANYUWANGI, ID","  79.8"," 8","  73.2"," 8","1010.5"," 8","005.4"," 8","  5.2"," 8","  3.5"," 8","  8.9","999.9","  83.8"," ","  76.3"," "," 0.00","I","999.9","000000"
"96987099999","2020-07-02","-8.2166666","114.3833333","5.0","BANYUWANGI, ID","  79.6"," 8","  72.1"," 8","1011.0"," 8","005.9"," 8","  5.4"," 8","  2.9"," 8","  6.0","999.9","  83.8"," ","  75.2","*"," 0.00","I","999.9","000000"
"96987099999","2020-07-03","-8.2166666","114.3833333","5.0","BANYUWANGI, ID","  79.8"," 8","  71.2"," 8","1012.0"," 8","007.0"," 8","  5.4"," 8","  4.2"," 8","  8.0","999.9","  84.2"," ","  74.7"," "," 0.00","I","999.9","000000"
"96987099999","2020-07-04","-8.2166666","114.3833333","5.0","BANYUWANGI, ID","  79.7"," 8","  71.6"," 8","1010.9"," 8","005.9"," 8","  5.6"," 8","  3.9"," 8","  7.0","999.9","  86.0"," ","  75.4","*"," 0.00","I","999.9","000000"
"96987099999","2020-07-05","-8.2166666","114.3833333","5.0","BANYUWANGI, ID","  80.7"," 8","  73.2"," 8","1010.0"," 8","005.1"," 8","  5.4"," 8","  3.1"," 8","  8.9","999.9","  85.3"," ","  74.7"," "," 0.00","I","999.9","000000"
"96987099999","2020-07-06","-8.2166666","114.3833333","5.0","BANYUWANGI, ID","  78.6"," 8","  74.8"," 8","1010.9"," 8","006.0"," 8","  4.7"," 8","  3.0"," 8","  8.0","999.9","  81.1"," ","  75.2"," "," 0.63","D","999.9","010000"
"96987099999","2020-07-07","-8.2166666","114.3833333","5.0","BANYUWANGI, ID","  80.2"," 8","  74.1"," 8","1010.6"," 8","005.7"," 8","  4.7"," 8","  3.4"," 8","  6.0","999.9","  84.2"," ","  74.5"," "," 0.00","I","999.9","000000"
"96987099999","2020-07-08","-8.2166666","114.3833333","5.0","BANYUWANGI, ID","  79.6"," 7","  74.1"," 7","1010.1"," 7","005.2"," 7","  5.2"," 7","  3.6"," 7","  7.0","999.9","  84.4"," ","  75.4","*","99.99"," ","999.9","010000"
"96987099999","2020-07-09","-8.2166666","114.3833333","5.0","BANYUWANGI, ID","  79.1"," 8","  73.2"," 8","1009.9"," 8","004.9"," 8","  5.0"," 8","  4.1"," 8","  8.0","999.9","  85.1"," ","  75.2"," "," 0.00","A","999.9","000000"
"96987099999","2020-07-10","-8.2166666","114.3833333","5.0","BANYUWANGI, ID","  80.2"," 8","  72.9"," 8","1010.9"," 8","005.9"," 8","  5.3"," 8","  5.1"," 8","  9.9","999.9","  85.1"," ","  75.6"," "," 0.00","I","999.9","000000"
"96987099999","2020-07-11","-8.2166666","114.3833333","5.0","BANYUWANGI, ID","  80.1"," 7","  73.3"," 7","1010.4"," 7","005.5"," 7","  5.0"," 7","  3.2"," 7","  6.0","999.9","  83.8","*","  76.3"," "," 0.00","I","999.9","000000"
"96987099999","2020-07-12","-8.2166666","114.3833333","5.0","BANYUWANGI, ID","  80.3"," 8","  72.4"," 8","1010.2"," 8","005.3"," 8","  5.2"," 8","  2.6"," 8","  5.1","999.9","  85.3"," ","  76.5","*"," 0.00","I","999.9","000000"
"96987099999","2020-07-13","-8.2166666","114.3833333","5.0","BANYUWANGI, ID","  80.2"," 8","  73.5"," 8","1009.8"," 8","004.9"," 8","  5.1"," 8","  3.4"," 8","  8.0","999.9","  85.6"," ","  75.6"," "," 0.00","I","999.9","000000"
"96987099999","2020-07-14","-8.2166666","114.3833333","5.0","BANYUWANGI, ID","  80.4"," 8","  74.6"," 8","1010.0"," 8","005.1"," 8","  5.0"," 8","  2.0"," 8","  5.1","999.9","  84.9"," ","  77.0"," "," 0.00","I","999.9","000000"
"96987099999","2020-07-15","-8.2166666","114.3833333","5.0","BANYUWANGI, ID","  80.0"," 8","  72.7"," 8","1009.9"," 8","005.1"," 8","  5.2"," 8","  4.4"," 8"," 13.0","999.9","  83.8"," ","  77.0"," "," 0.00","B","999.9","010000"
"96987099999","2020-07-16","-8.2166666","114.3833333","5.0","BANYUWANGI, ID","  78.6"," 8","  71.3"," 8","1009.3"," 8","004.4"," 8","  5.7"," 8","  1.7"," 8","  6.0","999.9","  84.2"," ","  74.1","*"," 0.00","I","999.9","000000"
"96987099999","2020-07-17","-8.2166666","114.3833333","5.0","BANYUWANGI, ID","  80.1"," 8","  72.7"," 8","1009.6"," 8","004.7"," 8","  5.4"," 8","  1.9"," 8","  4.1","999.9","  84.6"," ","  73.8"," "," 0.00","I","999.9","000000"
"96987099999","2020-07-18","-8.2166666","114.3833333","5.0","BANYUWANGI, ID","  80.1"," 8","  72.6"," 8","1009.9"," 8","005.0"," 8","  5.2"," 8","  2.4"," 8","  8.0","999.9","  84.7"," ","  75.2"," "," 0.00","I","999.9","000000"
"96987099999","2020-07-19","-8.2166666","114.3833333","5.0","BANYUWANGI, ID","  79.0"," 8","  73.7"," 8","1009.9"," 8","005.0"," 8","  4.9"," 8","  3.6"," 8","  8.0","999.9","  84.2"," ","  74.7","*"," 0.79","A","999.9","010000"
"96987099999","2020-07-20","-8.2166666","114.3833333","5.0","BANYUWANGI, ID","  80.1"," 8","  74.1"," 8","1009.4"," 8","004.5"," 8","  5.0"," 8","  3.1"," 8","  8.0","999.9","  84.9"," ","  74.1"," "," 0.16","A","999.9","010000"
"96987099999","2020-07-21","-8.2166666","114.3833333","5.0","BANYUWANGI, ID","  78.1"," 8","  75.1"," 8","1009.9"," 8","005.0"," 8","  4.5"," 8","  0.9"," 8","  7.0","999.9","  84.2"," ","  75.9"," "," 0.66","C","999.9","010000"
"96987099999","2020-07-22","-8.2166666","114.3833333","5.0","BANYUWANGI, ID","  79.5"," 8","  73.6"," 8","1009.9"," 8","005.0"," 8","  5.0"," 8","  3.3"," 8","  8.0","999.9","  83.8"," ","  75.7"," "," 0.00","I","999.9","000000"
"96987099999","2020-07-23","-8.2166666","114.3833333","5.0","BANYUWANGI, ID","  79.5"," 8","  71.9"," 8","1010.6"," 8","005.6"," 8","  5.4"," 8","  3.3"," 8","  6.0","999.9","  83.5"," ","  76.3"," "," 0.00","I","999.9","000000"
"96987099999","2020-07-24","-8.2166666","114.3833333","5.0","BANYUWANGI, ID","  78.1"," 8","  68.2"," 8","1011.5"," 8","006.5"," 8","  5.4"," 8","  4.0"," 8"," 14.0","999.9","  84.0"," ","  74.1","*"," 0.00","I","999.9","000000"
"96987099999","2020-07-25","-8.2166666","114.3833333","5.0","BANYUWANGI, ID","  78.0"," 8","  67.9"," 8","1012.1"," 8","007.1"," 8","  5.4"," 8","  3.5"," 8","  8.0","999.9","  82.4"," ","  72.9"," "," 0.00","I","999.9","000000"
"96987099999","2020-07-26","-8.2166666","114.3833333","5.0","BANYUWANGI, ID","  78.5"," 8","  69.4"," 8","1011.3"," 8","006.4"," 8","  5.8"," 8","  3.9"," 8","  8.0","999.9","  82.4"," ","  74.1"," "," 0.00","I","999.9","000000"
"96987099999","2020-07-27","-8.2166666","114.3833333","5.0","BANYUWANGI, ID","  78.8"," 8","  71.0"," 8","1011.0"," 8","006.0"," 8","  5.2"," 8","  3.4"," 8","  6.0","999.9","  83.7"," ","  73.4"," ","99.99"," ","999.9","010000"
"96987099999","2020-07-28","-8.2166666","114.3833333","5.0","BANYUWANGI, ID","  78.2"," 8","  70.3"," 8","1010.9"," 8","006.0"," 8","  5.4"," 8","  2.8"," 8","  6.0","999.9","  82.0"," ","  74.1"," ","99.99"," ","999.9","010000"
"96987099999","2020-07-29","-8.2166666","114.3833333","5.0","BANYUWANGI, ID","  76.1"," 8","  64.4"," 8","1011.1"," 8","006.2"," 8","  6.1"," 8","  4.2"," 8","  7.0","999.9","  83.3"," ","  71.1","*"," 0.00","I","999.9","000000"
"96987099999","2020-07-30","-8.2166666","114.3833333","5.0","BANYUWANGI, ID","  78.2"," 8","  69.6"," 8","1011.3"," 8","006.4"," 8","  5.8"," 8","  4.5"," 8","  8.0","999.9","  83.8"," ","  70.2"," "," 0.00","I","999.9","000000"
"96987099999","2020-07-31","-8.2166666","114.3833333","5.0","BANYUWANGI, ID","  78.6"," 8","  69.8"," 8","1011.1"," 8","006.3"," 8","  5.3"," 8","  3.7"," 8","  6.0","999.9","  83.5"," ","  74.5"," "," 0.00","I","999.9","000000"
"96987099999","2020-08-01","-8.2166666","114.3833333","5.0","BANYUWANGI, ID","  76.9"," 8","  69.3"," 8","1011.0"," 8","006.1"," 8","  5.2"," 8","  3.8"," 8","  8.9","999.9","  82.9"," ","  73.0"," ","99.99"," ","999.9","010000"
"96987099999","2020-08-02","-8.2166666","114.3833333","5.0","BANYUWANGI, ID","  77.6"," 8","  67.9"," 8","1010.2"," 8","005.3"," 8","  5.6"," 8","  3.5"," 8","  8.0","999.9","  82.8"," ","  72.7","*"," 0.00","I","999.9","000000"
"96987099999","2020-08-03","-8.2166666","114.3833333","5.0","BANYUWANGI, ID","  78.7"," 8","  70.5"," 8","1009.5"," 8","004.5"," 8","  5.1"," 8","  3.7"," 8","  8.9","999.9","  84.0"," ","  72.0"," "," 0.00","A","999.9","000000"
"96987099999","2020-08-04","-8.2166666","114.3833333","5.0","BANYUWANGI, ID","  78.7"," 8","  72.1"," 8","1009.6"," 8","004.7"," 8","  4.6"," 8","  3.4"," 8","  8.0","999.9","  83.8"," ","  73.0"," ","99.99"," ","999.9","010000"
"96987099999","2020-08-05","-8.2166666","114.3833333","5.0","BANYUWANGI, ID","  77.4"," 8","  71.3"," 8","1010.6"," 8","005.6"," 8","  5.0"," 8","  2.9"," 8","  8.9","999.9","  81.3"," ","  74.7","*"," 0.04","B","999.9","000000"
"96987099999","2020-08-06","-8.2166666","114.3833333","5.0","BANYUWANGI, ID","  78.1"," 8","  68.4"," 8","1010.5"," 8","005.5"," 8","  5.4"," 8","  3.7"," 8","  8.9","999.9","  83.5"," ","  74.5"," "," 0.00","I","999.9","000000"
"96987099999","2020-08-07","-8.2166666","114.3833333","5.0","BANYUWANGI, ID","  76.8"," 8","  70.8"," 8","1010.7"," 8","005.8"," 8","  4.9"," 8","  1.5"," 8","  4.1","999.9","  80.6"," ","  73.0","*"," 0.40","B","999.9","010000"
"96987099999","2020-08-08","-8.2166666","114.3833333","5.0","BANYUWANGI, ID","  78.0"," 8","  71.9"," 8","1009.9"," 8","005.0"," 8","  5.2"," 8","  2.4"," 8","  4.1","999.9","  83.7"," ","  73.4"," "," 0.00","I","999.9","000000"
"96987099999","2020-08-09","-8.2166666","114.3833333","5.0","BANYUWANGI, ID","  79.1"," 8","  72.0"," 8","1010.4"," 8","005.5"," 8","  5.4"," 8","  2.4"," 8","  4.1","999.9","  85.1"," ","  72.3"," "," 0.00","I","999.9","000000"
"96987099999","2020-08-10","-8.2166666","114.3833333","5.0","BANYUWANGI, ID","  81.7"," 8","  74.2"," 8","1011.2"," 8","006.3"," 8","  5.0"," 8","  4.2"," 8","  9.9","999.9","  90.0"," ","  72.7"," "," 0.00","I","999.9","000000"
"96987099999","2020-08-11","-8.2166666","114.3833333","5.0","BANYUWANGI, ID","  80.2"," 8","  74.9"," 8","1012.1"," 8","007.2"," 8","  5.4"," 8","  3.6"," 8","  9.9","999.9","  89.6"," ","  74.1","*","99.99"," ","999.9","010000"
"96987099999","2020-08-12","-8.2166666","114.3833333","5.0","BANYUWANGI, ID","  80.9"," 8","  75.1"," 8","1012.1"," 8","007.1"," 8","  5.0"," 8","  4.0"," 8","  6.0","999.9","  86.9"," ","  73.4"," "," 0.01","A","999.9","000000"
"96987099999","2020-08-14","-8.2166666","114.3833333","5.0","BANYUWANGI, ID","  80.5"," 8","  75.2"," 8","1010.3"," 8","005.4"," 8","  4.6"," 8","  3.9"," 8","  7.0","999.9","  86.0"," ","  75.6"," "," 0.08","A","999.9","010000"
"96987099999","2020-08-15","-8.2166666","114.3833333","5.0","BANYUWANGI, ID","  80.4"," 8","  74.8"," 8","1010.6"," 8","005.7"," 8","  4.7"," 8","  4.5"," 8","  8.0","999.9","  84.4"," ","  75.9"," "," 0.08","A","999.9","010000"
"96987099999","2020-08-16","-8.2166666","114.3833333","5.0","BANYUWANGI, ID","  79.9"," 8","  74.4"," 8","1011.2"," 8","006.2"," 8","  5.0"," 8","  3.4"," 8","  8.0","999.9","  83.7","*","  73.4"," "," 0.00","B","999.9","010000"
"96987099999","2020-08-17","-8.2166666","114.3833333","5.0","BANYUWANGI, ID","  79.9"," 8","  73.4"," 8","1010.9"," 8","005.9"," 8","  4.8"," 8","  3.3"," 8","  7.0","999.9","  84.6"," ","  76.5"," "," 0.00","I","999.9","000000"
"96987099999","2020-08-18","-8.2166666","114.3833333","5.0","BANYUWANGI, ID","  79.2"," 8","  72.6"," 8","1010.6"," 8","005.6"," 8","  5.2"," 8","  3.1"," 8","  6.0","999.9","  84.6"," ","  75.0","*"," 0.04","A","999.9","010000"
"96987099999","2020-08-19","-8.2166666","114.3833333","5.0","BANYUWANGI, ID","  77.9"," 8","  72.5"," 8","1010.3"," 8","005.4"," 8","  5.5"," 8","  3.4"," 8","  8.0","999.9","  82.6","*","  74.8"," "," 0.20","B","999.9","010000"
"96987099999","2020-08-20","-8.2166666","114.3833333","5.0","BANYUWANGI, ID","  78.6"," 8","  73.4"," 8","1011.3"," 8","006.4"," 8","  4.3"," 8","  2.7"," 8","  5.1","999.9","  83.5"," ","  74.1"," "," 0.00","I","999.9","000000"
"96987099999","2020-08-21","-8.2166666","114.3833333","5.0","BANYUWANGI, ID","  79.0"," 8","  73.3"," 8","1012.1"," 8","007.2"," 8","  5.4"," 8","  3.0"," 8","  8.9","999.9","  84.7"," ","  73.8","*"," 0.00","I","999.9","000000"
"96987099999","2020-08-22","-8.2166666","114.3833333","5.0","BANYUWANGI, ID","  79.8"," 8","  73.7"," 8","1012.8"," 8","007.9"," 8","  5.4"," 8","  4.2"," 8","  7.0","999.9","  83.7"," ","  72.7"," "," 0.00","I","999.9","000000"
"96987099999","2020-08-23","-8.2166666","114.3833333","5.0","BANYUWANGI, ID","  80.0"," 8","  72.6"," 8","1011.6"," 8","006.7"," 8","  5.2"," 8","  4.0"," 8","  7.0","999.9","  84.9"," ","  75.2"," "," 0.00","I","999.9","000000"
"96987099999","2020-08-24","-8.2166666","114.3833333","5.0","BANYUWANGI, ID","  79.8"," 8","  71.8"," 8","1012.0"," 8","007.1"," 8","  5.5"," 8","  3.5"," 8","  4.1","999.9","  85.5"," ","  73.0"," "," 0.00","I","999.9","000000"
"96987099999","2020-08-25","-8.2166666","114.3833333","5.0","BANYUWANGI, ID","  80.5"," 8","  72.3"," 8","1012.8"," 8","007.9"," 8","  5.5"," 8","  3.6"," 8","  8.0","999.9","  86.2"," ","  73.8"," "," 0.00","I","999.9","000000"
"96987099999","2020-08-26","-8.2166666","114.3833333","5.0","BANYUWANGI, ID","  79.5"," 8","  70.7"," 8","1012.4"," 8","007.4"," 8","  5.4"," 8","  5.8"," 8"," 12.0","999.9","  86.0"," ","  76.6","*"," 0.00","I","999.9","000000"
"96987099999","2020-08-27","-8.2166666","114.3833333","5.0","BANYUWANGI, ID","  80.0"," 8","  71.8"," 8","1010.4"," 8","005.5"," 8","  5.2"," 8","  4.3"," 8","  8.0","999.9","  84.4"," ","  75.6"," "," 0.00","I","999.9","000000"
"96987099999","2020-08-28","-8.2166666","114.3833333","5.0","BANYUWANGI, ID","  80.3"," 8","  73.2"," 8","1010.3"," 8","005.4"," 8","  4.8"," 8","  2.9"," 8","  6.0","999.9","  84.0","*","  75.9"," "," 0.12","A","999.9","010000"
"96987099999","2020-08-29","-8.2166666","114.3833333","5.0","BANYUWANGI, ID","  79.2"," 8","  72.5"," 8","1010.1"," 8","005.2"," 8","  5.0"," 8","  3.9"," 8","  8.9","999.9","  84.2"," ","  75.6"," "," 0.20","A","999.9","010000"
"96987099999","2020-08-30","-8.2166666","114.3833333","5.0","BANYUWANGI, ID","  79.7"," 8","  70.3"," 8","1010.2"," 8","005.3"," 8","  5.0"," 8","  3.9"," 8","  8.0","999.9","  84.9"," ","  73.8"," "," 0.00","I","999.9","000000"
"96987099999","2020-08-31","-8.2166666","114.3833333","5.0","BANYUWANGI, ID","  80.0"," 8","  72.7"," 8","1010.0"," 8","005.0"," 8","  5.3"," 8","  2.6"," 8","  7.0","999.9","  84.9"," ","  75.2"," "," 0.08","A","999.9","010000"
"96987099999","2020-09-01","-8.2166666","114.3833333","5.0","BANYUWANGI, ID","  79.9"," 8","  73.7"," 8","1010.2"," 8","005.3"," 8","  4.9"," 8","  2.0"," 8","  4.1","999.9","  84.9"," ","  75.2"," "," 0.04","A","999.9","000000"
"96987099999","2020-09-02","-8.2166666","114.3833333","5.0","BANYUWANGI, ID","  80.4"," 8","  74.2"," 8","1010.5"," 8","005.6"," 8","  5.1"," 8","  1.5"," 8","  4.1","999.9","  84.6","*","  75.9"," "," 0.83","A","999.9","010000"
"96987099999","2020-09-03","-8.2166666","114.3833333","5.0","BANYUWANGI, ID","  80.9"," 8","  75.7"," 8","1011.1"," 8","006.2"," 8","  5.0"," 8","  4.8"," 8","  7.0","999.9","  85.3"," ","  75.2"," "," 0.00","I","999.9","000000"
"96987099999","2020-09-04","-8.2166666","114.3833333","5.0","BANYUWANGI, ID","  80.6"," 8","  73.9"," 8","1010.3"," 8","005.3"," 8","  5.3"," 8","  3.0"," 8","  6.0","999.9","  84.9"," ","  77.5"," "," 0.00","I","999.9","000000"
